<ImportExportXml xmlns:xsi="http://www.w3.org/2001/XMLSchema-instance">
  <Entities></Entities>
  <Roles></Roles>
  <Workflows>
    <Workflow WorkflowId="{684403d4-a6ae-ed11-83ff-00224862745f}" Name="リアルタイム験潮データ">
      <JsonFileName>/Workflows/-684403D4-A6AE-ED11-83FF-00224862745F.json</JsonFileName>
      <Type>1</Type>
      <Subprocess>0</Subprocess>
      <Category>5</Category>
      <Mode>0</Mode>
      <Scope>4</Scope>
      <OnDemand>0</OnDemand>
      <TriggerOnCreate>0</TriggerOnCreate>
      <TriggerOnDelete>0</TriggerOnDelete>
      <AsyncAutodelete>0</AsyncAutodelete>
      <SyncWorkflowLogOnFailure>0</SyncWorkflowLogOnFailure>
      <StateCode>1</StateCode>
      <StatusCode>2</StatusCode>
      <RunAs>1</RunAs>
      <IsTransacted>1</IsTransacted>
      <IntroducedVersion>1.0.0.0</IntroducedVersion>
      <IsCustomizable>1</IsCustomizable>
      <BusinessProcessType>0</BusinessProcessType>
      <IsCustomProcessingStepAllowedForOtherPublishers>1</IsCustomProcessingStepAllowedForOtherPublishers>
      <PrimaryEntity>none</PrimaryEntity>
      <LocalizedNames>
        <LocalizedName languagecode="1041" description="リアルタイム験潮データ" />
      </LocalizedNames>
    </Workflow>
  </Workflows>
  <FieldSecurityProfiles></FieldSecurityProfiles>
  <Templates />
  <EntityMaps />
  <EntityRelationships />
  <OrganizationSettings />
  <optionsets />
  <CustomControls />
  <EntityDataProviders />
  <CanvasApps>
    <CanvasApp>
      <Name>ya__bbe3a</Name>
      <AppVersion>2023-02-17T11:38:39Z</AppVersion>
      <Status>Ready</Status>
      <CreatedByClientVersion>3.23021.16.0</CreatedByClientVersion>
      <MinClientVersion>3.23021.16.0</MinClientVersion>
      <Tags>{"primaryDeviceWidth":"1366","primaryDeviceHeight":"768","supportsPortrait":"true","supportsLandscape":"true","primaryFormFactor":"Tablet","publisherVersion":"3.23021.16","minimumRequiredApiVersion":"2.2.0","hasComponent":"false","hasUnlockedComponent":"false","isUnifiedRootApp":"false"}</Tags>
      <IsCdsUpgraded>0</IsCdsUpgraded>
      <GalleryItemId xsi:nil="true"></GalleryItemId>
      <BackgroundColor>rgba(0, 120, 212, 1)</BackgroundColor>
      <DisplayName>潮汐</DisplayName>
      <Description xsi:nil="true"></Description>
      <CommitMessage xsi:nil="true"></CommitMessage>
      <Publisher xsi:nil="true"></Publisher>
      <AuthorizationReferences>[]</AuthorizationReferences>
      <ConnectionReferences>{"3716fa70-45e9-43a1-b119-ba9ba15f20b4":{"id":"/providers/microsoft.powerapps/apis/shared_microsoftspatialservices","displayName":"空間サービス","iconUri":"https://connectoricons-prod.azureedge.net/releases/v1.0.1613/1.0.1613.3125/microsoftspatialservices/icon.png","dataSources":["空間サービス"],"dependencies":[],"dependents":[],"parameterHints":{},"parameterHintsV2":{},"isOnPremiseConnection":false,"bypassConsent":false,"dataSets":{},"apiTier":"Premium","isCustomApiSolutionAware":false},"4446662b-52aa-4a1a-bbea-5f8fd5a5b36d":{"id":"/providers/microsoft.powerapps/apis/shared_logicflows","displayName":"ロジック フロー","iconUri":"https://connectoricons-prod.azureedge.net/releases/v1.0.1615/1.0.1615.3163/logicflows/icon.png","dataSources":["リアルタイム験潮データ"],"dependencies":["af2383c0-d3e1-4d76-87a6-8980c9f7eb86"],"dependents":[],"parameterHints":{"workflowName":{"value":"9aad5912-5e2d-4687-85f4-294203877ff9"},"workflowEntityId":{"value":"684403d4-a6ae-ed11-83ff-00224862745f"},"af2383c0-d3e1-4d76-87a6-8980c9f7eb86":{"value":"shared_ya-5fgauge-5fe11931df2d780de8_1"}},"parameterHintsV2":{"workflowName":{"value":"9aad5912-5e2d-4687-85f4-294203877ff9"},"workflowEntityId":{"value":"684403d4-a6ae-ed11-83ff-00224862745f"},"shared_ya-5fgauge-5fe11931df2d780de8_1":{"value":"af2383c0-d3e1-4d76-87a6-8980c9f7eb86"}},"isOnPremiseConnection":false,"bypassConsent":false,"dataSets":{},"apiTier":"Standard","actions":["Run"],"isCustomApiSolutionAware":false},"af2383c0-d3e1-4d76-87a6-8980c9f7eb86":{"id":"/providers/microsoft.powerapps/apis/shared_ya-5fgauge-5fe11931df2d780de8","displayName":"gauge","iconUri":"https://az787822.vo.msecnd.net/defaulticons/api-dedicated.png","dataSources":[],"dependencies":[],"dependents":["4446662b-52aa-4a1a-bbea-5f8fd5a5b36d"],"parameterHints":{},"parameterHintsV2":{},"isOnPremiseConnection":false,"bypassConsent":false,"dataSets":{},"apiTier":"Standard","customApiLogicalName":"ya_5Fgauge","isCustomApiSolutionAware":true}}</ConnectionReferences>
      <DatabaseReferences>{}</DatabaseReferences>
      <AppComponents>[]</AppComponents>
      <AppComponentDependencies>[]</AppComponentDependencies>
      <CanConsumeAppPass>1</CanConsumeAppPass>
      <CanvasAppType>0</CanvasAppType>
      <BypassConsent>0</BypassConsent>
      <AdminControlBypassConsent>0</AdminControlBypassConsent>
      <EmbeddedApp xsi:nil="true"></EmbeddedApp>
      <IntroducedVersion>1.0</IntroducedVersion>
      <CdsDependencies>{"cdsdependencies":[{"logicalname":"ya_5Fgauge","componenttype":372,"componenttypeplatformname":"connector"}]}</CdsDependencies>
      <IsCustomizable>1</IsCustomizable>
      <BackgroundImageUri>/CanvasApps/ya__bbe3a_BackgroundImageUri</BackgroundImageUri>
      <DocumentUri>/CanvasApps/ya__bbe3a_DocumentUri.msapp</DocumentUri>
    </CanvasApp>
  </CanvasApps>
  <Connectors>
    <Connector>
      <connectorid>340a9fe7-ae34-4a7e-8641-50d3af9be8e3</connectorid>
      <description></description>
      <displayname>gauge</displayname>
      <iconbrandcolor>#007ee5</iconbrandcolor>
      <name>ya_5Fgauge</name>
      <connectortype>1</connectortype>
      <openapidefinition>/Connector/ya_5Fgauge_openapidefinition.json</openapidefinition>
      <connectionparameters>/Connector/ya_5Fgauge_connectionparameters.json</connectionparameters>
      <policytemplateinstances>/Connector/ya_5Fgauge_policytemplateinstances.json</policytemplateinstances>
      <iconblob>/Connector/ya_5Fgauge_iconblob.Png</iconblob>
    </Connector>
  </Connectors>
  <connectionreferences>
    <connectionreference connectionreferencelogicalname="ya_sharedya5fgauge5fe11931df2d780de8_e5112">
      <connectionreferencedisplayname>gauge Reiganjima-e5112</connectionreferencedisplayname>
      <connectorid>/providers/Microsoft.PowerApps/apis/shared_ya-5fgauge-5fe11931df2d780de8</connectorid>
      <customconnectorid>
        <connectorid>340a9fe7-ae34-4a7e-8641-50d3af9be8e3</connectorid>
      </customconnectorid>
      <iscustomizable>1</iscustomizable>
      <statecode>0</statecode>
      <statuscode>1</statuscode>
    </connectionreference>
  </connectionreferences>
  <Languages>
    <Language>1041</Language>
    <Language>1033</Language>
  </Languages>
</ImportExportXml>