{"swagger":"2.0","info":{"title":"Default title","description":"","version":"1.0"},"host":"www1.kaiho.mlit.go.jp","basePath":"/TIDE/gauge/gauge.php","schemes":["https"],"consumes":[],"produces":[],"paths":{"/":{"post":{"responses":{"default":{"description":"default","schema":{}}},"summary":"gauge","description":"gauge","operationId":"gauge","parameters":[{"name":"s","in":"query","required":true,"type":"string","x-ms-visibility":"important"},{"name":"body","in":"body","required":false,"schema":{"type":"object","properties":{"dspymd":{"type":"string","description":"dspymd"}}}}]}}},"definitions":{},"parameters":{},"responses":{},"securityDefinitions":{},"security":[],"tags":[]}