{
  "properties": {
    "connectionReferences": {
      "shared_ya-5fgauge-5fe11931df2d780de8_1": {
        "runtimeSource": "invoker",
        "connection": {
          "connectionReferenceLogicalName": "ya_sharedya5fgauge5fe11931df2d780de8_e5112"
        },
        "api": {
          "name": "shared_ya-5fgauge-5fe11931df2d780de8",
          "logicalName": "ya_5Fgauge"
        }
      }
    },
    "definition": {
      "$schema": "https://schema.management.azure.com/providers/Microsoft.Logic/schemas/2016-06-01/workflowdefinition.json#",
      "contentVersion": "1.0.0.0",
      "parameters": {
        "$connections": {
          "defaultValue": {},
          "type": "Object"
        },
        "$authentication": {
          "defaultValue": {},
          "type": "SecureObject"
        }
      },
      "triggers": {
        "manual": {
          "metadata": {
            "operationMetadataId": "77f2cfcc-8966-4f14-8ce2-3b5b3e35778a"
          },
          "type": "Request",
          "kind": "PowerAppV2",
          "inputs": {
            "schema": {
              "type": "object",
              "properties": {
                "text": {
                  "title": "地点",
                  "type": "string",
                  "x-ms-dynamically-added": true,
                  "description": "地点を指定してください",
                  "x-ms-content-hint": "TEXT"
                },
                "text_1": {
                  "title": "日付",
                  "type": "string",
                  "x-ms-dynamically-added": true,
                  "description": "日付（YYYYMMDD）を指定してください",
                  "x-ms-content-hint": "TEXT"
                }
              },
              "required": [
                "text",
                "text_1"
              ]
            }
          }
        }
      },
      "actions": {
        "gauge": {
          "runAfter": {
            "作成": [
              "Succeeded"
            ]
          },
          "metadata": {
            "operationMetadataId": "d1a5ffb3-30fe-4bcf-93c9-7826a72168cb"
          },
          "type": "OpenApiConnection",
          "inputs": {
            "host": {
              "connectionName": "shared_ya-5fgauge-5fe11931df2d780de8_1",
              "operationId": "gauge",
              "apiId": ""
            },
            "parameters": {
              "s": "@triggerBody()['text']",
              "body/dspymd": "@triggerBody()['text_1']"
            },
            "authentication": "@parameters('$authentication')"
          }
        },
        "作成": {
          "runAfter": {},
          "metadata": {
            "operationMetadataId": "c367d630-0693-4829-a6bf-c69364c4824f"
          },
          "type": "Compose",
          "inputs": "@{triggerBody()['text']}\n@{triggerBody()['text_1']}"
        },
        "潮汐表": {
          "runAfter": {
            "gauge": [
              "Succeeded"
            ]
          },
          "metadata": {
            "operationMetadataId": "3bc3eded-726e-4657-9765-93e5a989aeb2"
          },
          "type": "Compose",
          "inputs": "@first(split(last(split(outputs('gauge')?['body'], 'year  date  time   cm')), '</pre>'))",
          "description": "first(split(last(split(outputs('gauge')?['body'], 'year  date  time   cm')), '</pre>'))"
        },
        "CSV": {
          "runAfter": {
            "潮汐表": [
              "Succeeded"
            ]
          },
          "metadata": {
            "operationMetadataId": "ca048b6c-72d2-4861-bf8c-93b2e86adeb7"
          },
          "type": "Compose",
          "inputs": "year,month,day,hour,minute,cm@{replace(replace(replace(outputs('潮汐表'), '   ', ' '), '  ', ' '), ' ', ',')}",
          "description": "replace(replace(replace(outputs('潮汐表'), '   ', ' '), '  ', ' '), ' ', ',')"
        },
        "変数NLを初期化する": {
          "runAfter": {
            "CSV": [
              "Succeeded"
            ]
          },
          "metadata": {
            "operationMetadataId": "de5ab245-71d9-4855-a616-1ec5814890dc"
          },
          "type": "InitializeVariable",
          "inputs": {
            "variables": [
              {
                "name": "NL",
                "type": "string",
                "value": "\n"
              }
            ]
          }
        },
        "変数Itemsを初期化する": {
          "runAfter": {
            "変数NLを初期化する": [
              "Succeeded"
            ]
          },
          "metadata": {
            "operationMetadataId": "9ff8ef6f-4038-4441-a588-c441a2524a2a"
          },
          "type": "InitializeVariable",
          "inputs": {
            "variables": [
              {
                "name": "Items",
                "type": "array"
              }
            ]
          }
        },
        "PowerApp_または_Flow_に応答する": {
          "runAfter": {
            "Debug": [
              "Succeeded"
            ]
          },
          "metadata": {
            "operationMetadataId": "bae28f4e-2ab7-46a4-b0e4-5a538584ff42"
          },
          "type": "Response",
          "kind": "PowerApp",
          "inputs": {
            "statusCode": 200,
            "body": {
              "csv": "@{outputs('CSV')}"
            },
            "schema": {
              "type": "object",
              "properties": {
                "csv": {
                  "title": "CSV",
                  "x-ms-dynamically-added": true,
                  "type": "string"
                }
              }
            }
          }
        },
        "Debug": {
          "actions": {},
          "runAfter": {
            "変数Itemsを初期化する": [
              "Succeeded"
            ]
          },
          "else": {
            "actions": {
              "Apply_to_each": {
                "foreach": "@split(outputs('CSV'), variables('NL'))",
                "actions": {
                  "条件": {
                    "actions": {
                      "Current": {
                        "runAfter": {},
                        "metadata": {
                          "operationMetadataId": "036b22c7-ff6e-49e5-951f-6335e2a41c66"
                        },
                        "type": "Compose",
                        "inputs": "@items('Apply_to_each')"
                      },
                      "配列変数に追加": {
                        "runAfter": {
                          "Current": [
                            "Succeeded"
                          ]
                        },
                        "metadata": {
                          "operationMetadataId": "3cafa41c-33b1-4cab-bd55-7c7b006c9af1"
                        },
                        "type": "AppendToArrayVariable",
                        "inputs": {
                          "name": "Items",
                          "value": {
                            "year": "@{last(take(split(outputs('Current'), ','), 1))}",
                            "month": "@{last(take(split(outputs('Current'), ','), 2))}",
                            "day": "@{last(take(split(outputs('Current'), ','), 3))}",
                            "hour": "@{last(take(split(outputs('Current'), ','), 4))}",
                            "minute": "@{last(take(split(outputs('Current'), ','), 5))}",
                            "cm": "@{last(take(split(outputs('Current'), ','), 6))}"
                          }
                        },
                        "description": "last(take(split(outputs('Current'), ','), 1))"
                      }
                    },
                    "runAfter": {},
                    "expression": {
                      "and": [
                        {
                          "not": {
                            "startsWith": [
                              "@items('Apply_to_each')",
                              "year"
                            ]
                          }
                        },
                        {
                          "not": {
                            "equals": [
                              "@items('Apply_to_each')",
                              ""
                            ]
                          }
                        }
                      ]
                    },
                    "metadata": {
                      "operationMetadataId": "d06caf97-f3ff-4c6b-b7f8-a71593a8b756"
                    },
                    "type": "If"
                  }
                },
                "runAfter": {},
                "metadata": {
                  "operationMetadataId": "27574695-b11f-4433-858f-48ce2069ae92"
                },
                "type": "Foreach"
              },
              "HTML_テーブルの作成": {
                "runAfter": {
                  "Apply_to_each": [
                    "Succeeded"
                  ]
                },
                "metadata": {
                  "operationMetadataId": "9082835c-40ce-4b04-ba62-7006a602b7cd"
                },
                "type": "Table",
                "inputs": {
                  "from": "@variables('Items')",
                  "format": "HTML"
                }
              }
            }
          },
          "expression": {
            "equals": [
              1,
              1
            ]
          },
          "metadata": {
            "operationMetadataId": "aeb4f845-2bb4-485e-bc8a-aec67481d7c8"
          },
          "type": "If"
        }
      }
    },
    "templateName": ""
  },
  "schemaVersion": "1.0.0.0"
}